Title,URL,Date,Score,Rationale
"=HYPERLINK(""https://www.netguru.com/blog/ai-chatbots-improving-customer-service"",""How AI Chatbots Are Improving Customer Service"")","=HYPERLINK(""https://www.netguru.com/blog/ai-chatbots-improving-customer-service"",""https://www.netguru.com/blog/ai-chatbots-improving-customer-service"")",2025-01-23,8.0,"AI chatbots are revolutionizing customer service by efficiently managing inquiries and allowing human agents to focus on complex issues, indicating a transformative business strategy. This aligns with the newsletter's focus on emerging tech trends and enterprise AI, emphasizing the growing impact of autonomous systems in enhancing operational efficiency."
"=HYPERLINK(""https://www.cxtoday.com/conversational-ai/20-excellent-use-cases-for-a-contact-center-virtual-assistant/"",""20 Excellent Use Cases for a Contact Center Virtual Assistant"")","=HYPERLINK(""https://www.cxtoday.com/conversational-ai/20-excellent-use-cases-for-a-contact-center-virtual-assistant/"",""https://www.cxtoday.com/conversational-ai/20-excellent-use-cases-for-a-contact-center-virtual-assistant/"")",2025-01-23,8.0,"The article highlights how contact centers are increasingly using AI-powered virtual assistants to enhance productivity and efficiency, signifying a major trend in leveraging autonomous AI agents within enterprise settings. This aligns with the 'Enterprise Autonomous AI Agents' category by showcasing the application of emerging agentic AI technologies in improving business operations, which is a key focus area for newsletter inclusion."
"=HYPERLINK(""https://www.ibm.com/think/topics/conversational-ai-use-cases"",""Conversational AI Examples, Applications & Use Cases"")","=HYPERLINK(""https://www.ibm.com/think/topics/conversational-ai-use-cases"",""https://www.ibm.com/think/topics/conversational-ai-use-cases"")",2025-01-23,8.0,"Conversational AI is revolutionizing enterprise communication by leveraging technologies like natural language processing to facilitate seamless, human-like interactions between businesses and their audiences. This aligns with the newsletter’s focus on emerging tech trends in enterprise AI, highlighting the transformative role of autonomous agents in enhancing customer engagement and operational efficiency."
"=HYPERLINK(""https://appinventiv.com/blog/ai-trends/"",""Top AI Trends 2025: Key Developments to Watch"")","=HYPERLINK(""https://appinventiv.com/blog/ai-trends/"",""https://appinventiv.com/blog/ai-trends/"")",2025-01-23,8.0,"The article ""Top AI Trends 2025: Key Developments to Watch"" highlights transformative AI technologies shaping business innovation, including enterprise AI applications across various industries. It aligns with the newsletter's criteria by focusing on emerging enterprise autonomous AI agents, emphasizing systems that enhance business operations."
"=HYPERLINK(""https://www.cxtoday.com/tv/cx/5-disruptive-use-cases-for-ai-in-customer-experience-zoom/"",""5 Disruptive Use Cases for AI in Customer Experience"")","=HYPERLINK(""https://www.cxtoday.com/tv/cx/5-disruptive-use-cases-for-ai-in-customer-experience-zoom/"",""https://www.cxtoday.com/tv/cx/5-disruptive-use-cases-for-ai-in-customer-experience-zoom/"")",2025-01-23,8.0,"The article discusses five transformative AI applications in customer experience, emphasizing advancements in contact center operations, such as GenAI-powered virtual agents and real-time assistance. This aligns with the evaluation criteria by highlighting emerging enterprise AI trends, showcasing autonomous agents’ role in optimizing business processes."
"=HYPERLINK(""https://news.bloomberglaw.com/daily-labor-report/ai-hiring-bias-laws-limited-by-lack-of-transparency-in-tools"",""AI Hiring Bias Laws Limited by Lack of Transparency in Tools"")","=HYPERLINK(""https://news.bloomberglaw.com/daily-labor-report/ai-hiring-bias-laws-limited-by-lack-of-transparency-in-tools"",""https://news.bloomberglaw.com/daily-labor-report/ai-hiring-bias-laws-limited-by-lack-of-transparency-in-tools"")",2025-01-23,8.0,"The article highlights the challenges faced by state lawmakers in the U.S. as they attempt to enforce transparency and bias audits for AI tools used in employment decisions, with limited success due to resistance from tech companies. This issue is significant for enterprise autonomous AI agents as it underscores the need for clearer regulations and transparency, impacting how enterprises deploy AI in hiring processes while ensuring compliance with emerging legal standards."
"=HYPERLINK(""https://www.ibm.com/think/topics/ai-transparency"",""What Is AI Transparency?"")","=HYPERLINK(""https://www.ibm.com/think/topics/ai-transparency"",""https://www.ibm.com/think/topics/ai-transparency"")",2025-01-23,8.0,"AI transparency is crucial for businesses as it enhances understanding and trust in AI decision-making processes, especially in high-stakes industries like finance and healthcare. This aligns with the evaluation criteria by emphasizing the need for clarity and accountability in enterprise AI systems, ensuring that businesses can confidently integrate autonomous AI agents into their operations."
"=HYPERLINK(""https://www.techtarget.com/searchcio/tip/AI-transparency-What-is-it-and-why-do-we-need-it"",""AI transparency: What is it and why do we need it?"")","=HYPERLINK(""https://www.techtarget.com/searchcio/tip/AI-transparency-What-is-it-and-why-do-we-need-it"",""https://www.techtarget.com/searchcio/tip/AI-transparency-What-is-it-and-why-do-we-need-it"")",2025-01-23,8.0,"The article provides a comprehensive guide on the integration and governance of AI technologies within enterprises, highlighting AI's history, benefits, and strategic implementation in business contexts. This aligns with the criteria for Enterprise Autonomous AI Agents by focusing on enterprise AI and emerging trends, offering detailed insights crucial for businesses navigating AI adoption."
"=HYPERLINK(""https://hackernoon.com/building-advanced-video-search-frame-search-versus-multi-modal-embeddings"",""Building Advanced Video Search: Frame Search Versus Multi-Modal Embeddings"")","=HYPERLINK(""https://hackernoon.com/building-advanced-video-search-frame-search-versus-multi-modal-embeddings"",""https://hackernoon.com/building-advanced-video-search-frame-search-versus-multi-modal-embeddings"")",2025-01-23,8.0,"The article discusses advanced video search techniques like multi-modal embedding and frame search, which enhance AI applications in business by enabling efficient data analysis and retrieval. This aligns with the enterprise AI category by showcasing emerging technologies that can automate and optimize data-driven processes across industries."
"=HYPERLINK(""https://towardsdatascience.com/multimodal-embeddings-an-introduction-5dc36975966f"",""Multimodal Embeddings: An Introduction"")","=HYPERLINK(""https://towardsdatascience.com/multimodal-embeddings-an-introduction-5dc36975966f"",""https://towardsdatascience.com/multimodal-embeddings-an-introduction-5dc36975966f"")",2025-01-23,8.0,"Multimodal embeddings, which integrate text and image data into a shared space, are transforming AI capabilities in various sectors by enhancing the understanding of diverse data modalities. This innovation aligns with enterprise autonomous AI agents by enabling more nuanced interactions and decision-making processes, crucial for developing sophisticated systems of agents in business applications."
"=HYPERLINK(""https://machinelearning.apple.com/research/applying-rlaif"",""Applying RLAIF for Code Generation with API-usage in Lightweight LLMs"")","=HYPERLINK(""https://machinelearning.apple.com/research/applying-rlaif"",""https://machinelearning.apple.com/research/applying-rlaif"")",2025-01-23,8.0,"This AI news article discusses advancements in code generation using Reinforcement Learning from AI Feedback (RLAIF) for lightweight language models, which could enhance enterprise AI systems by improving API call accuracy. This aligns with the newsletter's evaluation criteria by highlighting emerging tech trends in autonomous agents and enterprise AI, addressing the challenge of hallucination in LLMs."
